close,close_lag_1,close_lag_3,close_lag_5,close_change_abs,close_change_pct,high_low_range,average_price,SMA_5,EMA_5,SMA_10,EMA_10,BollingerB_upper_20,BollingerB_lower_20,MACD,RSI,Stochastic_oscillator,Label_1,Label_2,Label_3,Label_4,Label_5,Label_6,Label_7,Label_8,Label_9,Label_10
1.235,1.23935,1.24007,1.23781,-0.004349999999999854,-0.0035099043853631384,0.00804999999999989,1.2367966666666668,1.2378519999999997,1.2372701547293232,1.23689,1.2344133503362282,1.2546237614809057,1.193704238519094,0.008687792771376657,69.60937500000021,73.49102773246352,0,1,0,0,0,0,0,0,0,0
1.23177,1.235,1.24108,1.23376,-0.003230000000000066,-0.002615384615384686,0.008689999999999864,1.2324133333333334,1.237454,1.235436769819549,1.237183,1.2339327411841867,1.2536345696977798,1.1982004303022202,0.007954036508940554,65.80502215657322,64.70908102229478,1,0,0,0,0,0,0,0,0,0
1.23711,1.23177,1.23935,1.24007,0.0053399999999999,0.0043352249202366355,0.012129999999999974,1.2345599999999999,1.236862,1.2359945132130328,1.2374580000000002,1.2345104246052436,1.253881003532247,1.201118996467753,0.007714494861631005,65.00377928949358,74.30205179952883,0,0,0,0,0,0,0,0,0,0
1.22235,1.23711,1.235,1.24108,-0.014759999999999884,-0.011931032810340136,0.017979999999999885,1.2281900000000001,1.233116,1.2314463421420219,1.2357859999999998,1.2322994383133812,1.249371660237123,1.2087523397628772,0.006261469413036513,49.52222053693318,19.597989949748822,0,0,0,0,0,0,0,0,0,0
1.20504,1.22235,1.23177,1.23935,-0.01731000000000016,-0.014161246778745973,0.021809999999999885,1.2120966666666666,1.226254,1.2226442280946812,1.232334,1.2273431768018572,1.2501046456586185,1.2075893543413816,0.003670848683647421,40.89941124890381,0.7994004496624428,0,0,1,1,1,1,1,0,0,0
1.2021,1.20504,1.23711,1.235,-0.0029399999999999427,-0.0024397530372435305,0.007159999999999833,1.2034399999999998,1.219674,1.2157961520631209,1.228763,1.2227535082924286,1.2520477843940772,1.204014215605923,0.0013647971300385642,31.809523809523796,3.55042966983232,1,1,1,1,1,1,1,0,1,1
1.2048,1.2021,1.22235,1.23177,0.0027000000000001467,0.002246069378587512,0.013430000000000053,1.2034566666666666,1.21428,1.2121307680420808,1.225867,1.2194892340574415,1.2530819065750185,1.2019680934249815,-0.00024210704592286802,29.088851160158626,17.9334428923585,1,1,1,1,1,0,0,0,0,1
1.20702,1.2048,1.20504,1.23711,0.0022199999999998887,0.0018426294820717004,0.007879999999999887,1.2069933333333334,1.208262,1.2104271786947205,1.222562,1.217222100592452,1.2537171991264515,1.2005698008735484,-0.0013212244824065689,26.499486728259328,22.49383730484799,1,0,1,1,0,0,0,0,1,0
1.21177,1.20702,1.2021,1.22235,0.004750000000000032,0.003935311759539983,0.01368999999999998,1.21226,1.206146,1.2108747857964803,1.2196310000000001,1.2162308095756424,1.2540130348033736,1.1993279651966264,-0.0017727127932425368,30.821256038647334,32.251437962202196,0,1,1,0,0,0,0,0,0,0
1.20529,1.21177,1.2048,1.20504,-0.006480000000000041,-0.005347549452453859,0.009200000000000097,1.20795,1.2061959999999998,1.2090131905309869,1.2162250000000001,1.2142415714709802,1.2547288717885496,1.19684312821145,-0.0026231641730343203,28.93236589790095,19.650468883205438,1,1,0,0,0,0,1,0,0,0
1.21397,1.20529,1.20702,1.2021,0.008680000000000021,0.007201586340216837,0.01205999999999996,1.2107233333333334,1.2085700000000001,1.2106654603539915,1.214122,1.2141921948398928,1.2548081927686758,1.1962038072313241,-0.0025671569728935584,37.90490160127124,38.150042625745954,1,0,0,0,0,0,0,0,0,0
1.21747,1.21397,1.21177,1.2048,0.0035000000000000586,0.002883102547838856,0.015200000000000102,1.21871,1.211104,1.2129336402359945,1.212692,1.2147881594144576,1.254408041134103,1.195466958865897,-0.002214819058562245,35.696202531645596,45.60954816709303,0,0,0,0,0,0,0,0,0,0
1.20322,1.21747,1.20529,1.20702,-0.014250000000000096,-0.011704600524037656,0.019180000000000197,1.20676,1.2103439999999999,1.2096957601573297,1.209303,1.212684857702738,1.2540221197696086,1.1927388802303913,-0.0030502828686038708,29.47745013009542,15.62499999999997,0,1,1,1,1,0,0,1,0,0
1.19868,1.20322,1.21397,1.21177,-0.0045399999999999885,-0.0037732085570385543,0.010889999999999844,1.20085,1.207726,1.2060238401048866,1.206936,1.2101385199386039,1.2529578145629638,1.189764185437036,-0.004032252715575391,28.605996843766462,5.717415115005483,1,1,1,1,1,0,1,1,1,0
1.20395,1.19868,1.21747,1.20529,0.005270000000000108,0.004396502819768555,0.013419999999999987,1.2000966666666668,1.207458,1.2053325600699245,1.206827,1.2090133344952214,1.250871122422364,1.1882898775776358,-0.004335251852483957,33.8230697092842,25.67845394736864,0,1,1,0,0,1,0,0,0,1
1.2039,1.20395,1.20322,1.21397,-5.0000000000105516e-05,-4.152996386896923e-05,0.0042200000000001125,1.2036533333333332,1.205444,1.2048550400466165,1.2070070000000002,1.208083637314272,1.2486876263405198,1.18708237365948,-0.004527228363139235,34.9822179114129,25.575657894736846,1,1,0,0,1,0,0,0,1,0
1.21099,1.2039,1.19868,1.21747,0.007090000000000041,0.005889193454605923,0.01617999999999986,1.2080966666666668,1.204148,1.2069000266977443,1.2076259999999999,1.2086120668934952,1.2467514478551367,1.1867415521448632,-0.0040604609186307705,36.1857414850858,40.15213815789482,0,0,0,0,0,0,0,0,0,0
1.20449,1.21099,1.20395,1.20322,-0.00649999999999995,-0.005367509227987011,0.010110000000000063,1.2071466666666666,1.204402,1.206096684465163,1.207373,1.207862600185587,1.243323691470944,1.186611308529056,-0.004167005388960643,39.64997681965701,36.73526924161279,0,0,1,0,0,0,0,0,0,0
1.20153,1.20449,1.2039,1.19868,-0.0029600000000000737,-0.002457471626995722,0.00827,1.20272,1.2049720000000002,1.2045744563101088,1.206349,1.2067112183336621,1.2391065130258918,1.1868734869741082,-0.004439118516552432,47.56012790212716,28.3901888920214,0,1,1,1,0,1,1,0,0,0
1.19393,1.20153,1.21099,1.20395,-0.007600000000000051,-0.006325268615848145,0.011419999999999986,1.1969633333333334,1.2029679999999998,1.2010263042067393,1.205213,1.2043873604548143,1.2350203033222067,1.1864176966777935,-0.005207992123451577,44.66640553597079,6.963631237665532,1,1,1,1,1,1,0,0,0,1
1.20619,1.19393,1.20449,1.2039,0.01226000000000016,0.01026860871240376,0.014349999999999863,1.2016600000000002,1.2034259999999999,1.2027475361378261,1.2044350000000001,1.2047151130993934,1.2307730400900836,1.1877839599099167,-0.004773029939415752,50.80673244341265,41.52805187482404,0,0,0,0,0,0,0,0,0,1
1.20221,1.20619,1.20153,1.21099,-0.003980000000000095,-0.003299645992754119,0.01256999999999997,1.2060666666666666,1.20167,1.2025683574252175,1.202909,1.2042596379904127,1.226690647222964,1.1889103527770362,-0.004695346975406078,47.26424752587877,30.307301945305902,1,0,1,1,0,0,0,1,1,1
1.20264,1.20221,1.19393,1.20449,0.00042999999999993044,0.00035767461591573735,0.012359999999999927,1.2026533333333331,1.2013000000000003,1.2025922382834784,1.2028510000000001,1.2039651583557922,1.2190802693864595,1.1930737306135406,-0.004546674032373854,44.53882043306615,31.519594023117936,0,1,0,0,0,0,1,1,1,1
1.19479,1.20264,1.20619,1.20153,-0.007849999999999913,-0.0065273065921638285,0.011159999999999837,1.1969566666666667,1.1999520000000001,1.1999914921889856,1.2024620000000001,1.2022969477456482,1.216195104420285,1.1932028955797154,-0.005004589258974068,43.82062146892662,9.38821539329023,1,1,0,0,0,1,1,1,1,1
1.20426,1.19479,1.20221,1.19393,0.00947000000000009,0.00792607905991849,0.011120000000000019,1.2009333333333334,1.2020180000000003,1.2014143281259906,1.202493,1.2026538663373485,1.2161565257910008,1.1931634742089994,-0.004550880798230628,44.338192419825184,36.08683394417847,0,0,0,0,0,1,1,1,1,1
1.20257,1.20426,1.20264,1.20619,-0.0016900000000001913,-0.001403351435736666,0.005589999999999984,1.2022133333333331,1.201294,1.201799552083994,1.20236,1.2026386179123758,1.2161598964177276,1.1932071035822724,-0.004278364131856449,41.12461281868001,41.67291822955701,0,0,0,1,1,1,1,1,1,1
1.18262,1.20257,1.19479,1.20221,-0.019949999999999912,-0.016589470883191737,0.024370000000000003,1.1904033333333333,1.197376,1.195406368055996,1.199523,1.1989988692010347,1.218707581886001,1.188441418113999,-0.005607550628208724,38.50959393128079,1.5629788538155422,1,1,1,1,1,1,1,1,1,1
1.18436,1.18262,1.20426,1.20264,0.0017400000000000748,0.0014713094654243974,0.005630000000000024,1.1834833333333332,1.1937200000000001,1.1917242453706642,1.19751,1.1963372566190282,1.2197282460942278,1.185154753905772,-0.0064462289301578934,41.75495163519128,11.967545638945767,1,1,1,1,1,1,1,1,1,1
1.19226,1.18436,1.20257,1.19479,0.007900000000000018,0.0066702691749129794,0.010870000000000157,1.1896966666666666,1.193214,1.1919028302471095,1.196583,1.1955959372337503,1.2187381868301244,1.1841938131698755,-0.006399652341312567,43.46708393875047,34.85946102579018,1,1,1,1,1,1,1,1,1,1
1.2031,1.19226,1.18262,1.20426,0.01083999999999996,0.009091976582288996,0.020589999999999886,1.2017166666666668,1.192982,1.1956352201647398,1.1975000000000002,1.1969603122821593,1.218554218667556,1.184158781332444,-0.0054255008561339135,49.60103730301221,66.2706461895107,1,1,1,1,1,1,1,1,1,1
1.21818,1.2031,1.18436,1.20257,0.015079999999999982,0.012534286426730823,0.015330000000000066,1.2142433333333333,1.196104,1.2031501467764931,1.198699,1.2008184373217665,1.2195020337549016,1.1836319662450985,-0.0033974847255111573,53.32101616628175,95.56786703601114,0,0,0,0,1,1,1,1,1,1
1.21533,1.21818,1.19226,1.18262,-0.002850000000000019,-0.0023395557306802317,0.006829999999999892,1.2164066666666666,1.202646,1.2072100978509954,1.2000110000000002,1.2034569032632634,1.2190171044249745,1.1839028955750255,-0.0019972158513703597,55.18164435946458,87.4657363568406,0,0,1,1,1,1,1,1,1,1
1.2046,1.21533,1.2031,1.18436,-0.010730000000000128,-0.008828877753367492,0.01715,1.20791,1.2066940000000002,1.2063400652339968,1.200207,1.203664739033579,1.2191260295340163,1.1839319704659839,-0.001733333219477995,51.36602295986468,60.727635185646655,1,1,1,1,1,1,1,1,1,1
1.21098,1.2046,1.21818,1.19226,0.006380000000000052,0.005296363938236848,0.010059999999999958,1.2088,1.2104380000000001,1.207886710155998,1.201826,1.2049947864820192,1.2201761553722346,1.1841118446277656,-0.0009978886136423615,57.66981556455237,76.62596561176191,1,1,1,1,1,1,1,1,1,1
1.21764,1.21098,1.21533,1.2031,0.00666000000000011,0.005499677946787074,0.009880000000000111,1.2159333333333333,1.213346,1.2111378067706653,1.2031640000000001,1.207293916212561,1.222143054397628,1.1835139456023718,0.00012096842641273753,55.42396968261483,93.22202840767547,1,1,1,1,1,1,1,1,1,1
1.22755,1.21764,1.2046,1.21818,0.009909999999999863,0.008138694523832868,0.011789999999999967,1.22422,1.21522,1.2166085378471103,1.205662,1.2109768405375498,1.226272769826082,1.1817492301739179,0.0017867285754427087,61.36526731252236,98.1335545416837,0,0,1,0,1,1,1,1,1,1
1.22173,1.22755,1.21098,1.21533,-0.005819999999999936,-0.004741151073275995,0.010399999999999965,1.2225966666666668,1.2165,1.2183156918980735,1.209573,1.2129319604398134,1.2280046768409558,1.181091323159044,0.0026071762298056633,58.16719431847352,86.06387391124008,1,1,1,1,1,1,1,1,1,1
1.22653,1.22173,1.21764,1.2046,0.0047999999999999154,0.003928854984325492,0.012679999999999803,1.2269366666666666,1.220886,1.2210537945987157,1.21379,1.2154043312689382,1.231082848216844,1.1802171517831557,0.003603171671488381,63.94306800210851,86.94835680751171,1,0,1,1,1,1,1,1,1,1
1.22882,1.22653,1.22755,1.21098,0.0022900000000001253,0.0018670558404605408,0.008179999999999854,1.2297466666666665,1.224454,1.2236425297324773,1.217446,1.2178435437654949,1.2343720879784748,1.1796569120215255,0.004525126257747258,61.51537884471111,89.86498982800089,0,0,1,1,1,1,1,1,1,1
1.22278,1.22882,1.22173,1.21764,-0.006040000000000045,-0.004915284581956669,0.010170000000000012,1.2236500000000001,1.225482,1.2233550198216516,1.219414,1.2187410812626776,1.2359517245466238,1.180962275453376,0.004714063597320184,59.10442382196596,78.69428518587024,1,1,1,1,1,1,1,1,1,1
1.22876,1.22278,1.22653,1.22755,0.005980000000000096,0.004890495428450103,0.007439999999999891,1.2266266666666665,1.225724,1.225156679881101,1.220472,1.2205627028512815,1.2385043035531789,1.180666696446821,0.00528540694203028,73.77860235003088,89.75402256334405,1,1,1,1,1,1,1,1,1,1
1.23402,1.22876,1.22882,1.22173,0.00525999999999982,0.004280738305283194,0.007639999999999869,1.2320399999999998,1.2281819999999999,1.228111119920734,1.222341,1.2230094841510484,1.2418335814612407,1.180518418538759,0.006092409198517945,74.69663815396846,98.36191944497973,0,1,0,1,1,1,1,1,1,1
1.23146,1.23402,1.22278,1.22653,-0.0025599999999998957,-0.002074520672274316,0.005870000000000042,1.2326100000000002,1.229168,1.2292274132804892,1.225027,1.2245459415781303,1.2442780749559836,1.1809559250440165,0.006451030234814414,70.5882352941176,89.7334214584708,1,1,1,1,1,1,1,1,1,1
1.23882,1.23146,1.22876,1.22882,0.007360000000000033,0.005976645607652653,0.009929999999999994,1.2358033333333334,1.231168,1.2324249421869928,1.227811,1.2271412249275613,1.247370889046452,1.182266110953548,0.007245607625248063,69.47230702136937,98.85027436634441,0,1,1,1,1,1,0,1,1,1
1.23289,1.23882,1.23402,1.22278,-0.005929999999999991,-0.004786813257777522,0.00990000000000002,1.2358500000000001,1.23319,1.2325799614579953,1.229336,1.2281864567589136,1.2493606247854705,1.1831393752145296,0.007312520308633497,58.90759355698195,77.25841608137564,1,1,1,1,1,1,1,1,1,1
1.24172,1.23289,1.23146,1.22876,0.008829999999999893,0.007162033920300903,0.01493000000000011,1.2371433333333333,1.235782,1.235626640971997,1.230753,1.2306471009845656,1.2525200920572055,1.1838949079427943,0.007985998675290151,64.90118577075096,98.54827002177558,1,1,1,0,0,1,1,1,0,0
1.24997,1.24172,1.23882,1.23402,0.00825000000000009,0.006644009921721539,0.012990000000000057,1.2473133333333335,1.238972,1.2404077606479982,1.233577,1.234160355351008,1.254367863472665,1.1887821365273352,0.009080763792468138,76.35645404902998,94.9598393574297,0,0,0,0,0,0,1,0,0,0
1.24607,1.24997,1.23289,1.23146,-0.0039000000000000146,-0.003120074881797219,0.00817000000000001,1.2469,1.241894,1.2422951737653323,1.235531,1.2363257452871885,1.2541568301731625,1.1951641698268378,0.009523890151596603,70.98935279339642,84.86065186584784,0,0,0,0,1,1,0,0,0,0
1.24379,1.24607,1.24172,1.23882,-0.0022800000000000598,-0.00182975274262287,0.007400000000000073,1.2445633333333335,1.242888,1.2427934491768882,1.237028,1.2376828825076998,1.2536588307664824,1.2008151692335178,0.009580654220410878,66.50675419770229,75.73981016192045,0,0,0,1,1,0,0,0,1,1
1.24157,1.24379,1.24997,1.23289,-0.0022199999999998887,-0.00178486722035065,0.006659999999999888,1.2420033333333336,1.2446240000000002,1.2423856327845921,1.238907,1.2383896311426634,1.2537192608765075,1.2046017391234927,0.009338852231927541,59.801454138702596,68.51370851370865,0,1,1,1,0,0,1,1,1,1
1.23818,1.24157,1.24607,1.24172,-0.003390000000000004,-0.0027304139114185944,0.009820000000000162,1.2389333333333334,1.243916,1.240983755189728,1.239849,1.2383515163894518,1.254464108114196,1.205856891885804,0.008772553212666345,61.90476190476198,57.28793309438471,1,1,1,1,0,1,1,1,1,1
1.24253,1.23818,1.24379,1.24997,0.004349999999999854,0.0035132210179456003,0.008110000000000062,1.2418666666666665,1.2424279999999999,1.2414991701264855,1.2407,1.2391112406822786,1.2553697162289839,1.2076712837710157,0.008575908075494354,61.65501165501169,70.28076463560294,1,1,0,0,0,1,1,1,1,0
1.24836,1.24253,1.24157,1.24607,0.005830000000000002,0.00469203962882192,0.00981999999999994,1.2458333333333333,1.242886,1.243786113417657,1.2423899999999999,1.2407928332855007,1.2550569270590302,1.21236007294097,0.008789181451493322,63.53560543086726,87.6941457586615,1,0,0,0,0,0,0,1,0,0
1.25226,1.24836,1.23818,1.24379,0.0039000000000000146,0.003124098817648857,0.00619000000000014,1.2511566666666667,1.24458,1.246610742278438,1.2437340000000001,1.2428777726881368,1.255810408153245,1.2157345918467548,0.009167225475976926,71.04511707595667,95.48022598870023,0,0,0,0,0,0,0,0,0,0
1.24143,1.25226,1.24253,1.24157,-0.010829999999999895,-0.008648363758324895,0.01475000000000004,1.2453066666666668,1.2445519999999999,1.2448838281856256,1.2445879999999998,1.2426145412902938,1.2552124847520334,1.2187115152479668,0.008495012384321932,58.45907330751773,51.84373859072646,0,1,1,1,1,1,0,1,1,1
1.23766,1.24143,1.24836,1.23818,-0.003770000000000051,-0.003036820440943111,0.0084700000000002,1.2389166666666667,1.2444479999999998,1.2424758854570839,1.244182,1.2417137156011493,1.2551722229797435,1.2197627770202564,0.007570799706992926,52.47956403269761,37.71575468233554,1,1,1,1,1,1,1,1,1,1
1.24241,1.23766,1.25226,1.24253,0.004750000000000032,0.0038378876266502715,0.008380000000000054,1.2413166666666666,1.244424,1.242453923638056,1.243426,1.2418403127645767,1.2546866007183501,1.2223163992816497,0.0071393419147041115,57.243021563698925,55.15975027543145,1,1,1,1,0,1,1,1,1,1
1.24392,1.24241,1.24143,1.24836,0.0015099999999999003,0.0012153797860607884,0.008219999999999894,1.2435066666666668,1.2435360000000002,1.242942615758704,1.243211,1.2422184377164718,1.254693640833265,1.2240483591667346,0.006840401001489971,53.65643819902488,60.70510466397312,1,1,1,0,1,1,1,1,1,1
1.24429,1.24392,1.23766,1.25226,0.00036999999999998145,0.0002974467811434067,0.006310000000000038,1.2438266666666666,1.2419419999999999,1.243391743839136,1.243261,1.242595085404386,1.254770559619733,1.225518440380267,0.006557750417045538,58.881271424119596,62.063900110172085,0,1,0,1,1,1,1,1,1,1
1.24409,1.24429,1.24241,1.24143,-0.00019999999999997797,-0.0001607342339807749,0.008120000000000127,1.2418500000000001,1.242474,1.2436244958927574,1.2435129999999999,1.2428668880581337,1.253414080422029,1.2290059195779712,0.006245613914509063,52.133213321332136,47.92284866468801,1,0,1,1,1,1,1,1,1,1
1.24857,1.24409,1.24392,1.23766,0.0044800000000000395,0.0036010256492697845,0.00753999999999988,1.2460566666666668,1.244656,1.2452729972618384,1.244552,1.2439038175021093,1.2533171853730862,1.2310838146269134,0.006287266353667054,48.64812668984156,70.07912957467818,0,0,1,1,1,0,1,1,1,1
1.24098,1.24857,1.24429,1.24241,-0.007589999999999986,-0.006078954323746388,0.012060000000000182,1.2434333333333334,1.24437,1.243841998174559,1.2443969999999998,1.2433722143199075,1.2530029652258199,1.2320940347741802,0.005642780186583485,45.411934378943506,32.54203758654792,1,1,1,1,1,1,1,1,1,1
1.24672,1.24098,1.24409,1.24392,0.005740000000000078,0.0046253767184001315,0.011340000000000128,1.2461266666666668,1.2449299999999999,1.244801332116373,1.244233,1.2439809026253787,1.2525105669435308,1.234112433056469,0.005531427432468927,52.48600033938582,60.92977250247296,1,1,1,0,1,1,1,1,1,1
1.2497,1.24672,1.24857,1.24429,0.0029799999999999827,0.0023902720739219507,0.006340000000000012,1.24774,1.246012,1.2464342214109152,1.2439769999999999,1.2450207385116734,1.2532214977971825,1.2344895022028175,0.00561886983386084,56.810185960797455,75.66765578635012,1,0,0,1,1,1,1,1,1,1
1.25643,1.2497,1.24098,1.24409,0.006729999999999903,0.005385292470192704,0.01373000000000002,1.25312,1.24848,1.2497661476072768,1.245477,1.2470951496913691,1.2545120999804562,1.2355529000195442,0.006160212230007067,64.47723306362047,91.74630755864462,0,0,1,1,1,1,1,1,0,0
1.24951,1.25643,1.24672,1.24857,-0.006920000000000037,-0.005507668552963585,0.009029999999999871,1.25152,1.248668,1.2496807650715178,1.2466620000000002,1.2475342133838474,1.254968446238756,1.235875553761244,0.005962116247158589,55.32012195121951,61.68549087749767,0,1,1,1,1,1,1,1,0,1
1.24668,1.24951,1.2497,1.24098,-0.002829999999999888,-0.002264887836031626,0.00766,1.2471333333333334,1.249808,1.2486805100476785,1.247089,1.2473789018595114,1.2545848404005298,1.23593015959947,0.005513213511340931,48.65814696485631,49.39183318853207,1,1,1,1,1,1,1,0,1,1
1.25646,1.24668,1.25643,1.24672,0.0097799999999999,0.007844835884108114,0.01277000000000017,1.25387,1.2517559999999999,1.251273673365119,1.2483429999999998,1.2490300106123273,1.2563668145702163,1.2351871854297836,0.005878851384858885,53.06658878504674,89.42917547568646,1,1,1,1,1,0,0,0,0,0
1.25719,1.25646,1.24951,1.2497,0.0007300000000001194,0.0005809974054089562,0.005069999999999908,1.2572533333333333,1.253254,1.2532457822434129,1.249633,1.2505136450464496,1.2581450899925446,1.2347489100074551,0.006156557965138365,63.49777321000346,89.26968584251364,1,1,1,1,0,0,0,0,0,0
1.26302,1.25719,1.24668,1.25643,0.005830000000000002,0.004637326100271233,0.009870000000000045,1.2611833333333333,1.254572,1.256503854828942,1.251526,1.252787527765277,1.2611143077936895,1.2339246922063103,0.0067690453660391725,70.97948378557257,92.38294898672234,0,0,0,0,0,0,0,0,0,0
1.26182,1.26302,1.25646,1.24951,-0.0012000000000000899,-0.0009501037196560924,0.005579999999999918,1.2633066666666668,1.257034,1.2582759032192947,1.252851,1.2544297954443173,1.2629712682273802,1.2344317317726197,0.007076047798471263,67.05923712427489,83.36095459065291,1,1,0,0,0,0,0,0,0,0
1.26202,1.26182,1.25719,1.24668,0.00019999999999997797,0.00015850121253424554,0.006189999999999918,1.2612499999999998,1.2601019999999998,1.2595239354795298,1.254955,1.2558098326362594,1.2648071938513925,1.2345448061486075,0.007251892464354315,66.28283555235697,84.02386476632402,1,0,0,0,0,0,0,0,0,0
1.26247,1.26202,1.26302,1.25646,0.00045000000000006146,0.00035657121123278124,0.007719999999999949,1.2635366666666668,1.261304,1.2605059569863533,1.2565300000000001,1.2570207721569395,1.266535540426632,1.234227459573368,0.00734291728845804,66.33129716133675,82.53358925143951,0,0,0,0,0,0,0,0,0,0
1.25116,1.26247,1.26182,1.25719,-0.011309999999999931,-0.008958628719890283,0.014410000000000034,1.2549433333333335,1.260098,1.2573906379909023,1.2566760000000001,1.255955177219314,1.2664610895516433,1.2341919104483565,0.006428330842516594,55.294293844541066,42.76450511945429,0,1,0,0,0,0,0,0,0,0
1.24474,1.25116,1.26202,1.26302,-0.006420000000000092,-0.005131238210940303,0.009620000000000184,1.24774,1.256442,1.2531737586606015,1.2555070000000002,1.2539160540885297,1.2663070968514596,1.2346769031485403,0.005126380426551336,47.212923882986466,20.85324232081924,1,1,1,0,0,0,0,0,0,0
1.25272,1.24474,1.26247,1.26182,0.007980000000000098,0.0064109773928693325,0.009039999999999937,1.25018,1.254622,1.2530225057737345,1.255828,1.253698589708797,1.265877485129076,1.236612514870924,0.004684494711175935,58.49493487698991,45.22866402592759,0,0,0,0,0,0,0,0,0,0
1.24845,1.25272,1.25116,1.26202,-0.004269999999999996,-0.0034085829235582787,0.008119999999999905,1.2498500000000001,1.2519079999999998,1.2514983371824897,1.256005,1.2527443006708339,1.2656515078273802,1.2374424921726197,0.003944276618375708,51.279018187195035,20.16393442622967,1,0,0,0,0,0,0,0,0,0
1.24862,1.24845,1.24474,1.26247,0.00017000000000000348,0.000136168849373286,0.008899999999999908,1.2472466666666666,1.2491379999999999,1.2505388914549933,1.255221,1.2519944278215913,1.2655028494443195,1.2380611505556804,0.0033329459004451945,49.16692378895405,25.21301316808686,0,0,0,0,0,0,0,0,0,0
1.2408,1.24862,1.25272,1.25116,-0.00782000000000016,-0.0062629142573402685,0.010140000000000038,1.24306,1.2470659999999998,1.247292594303329,1.253582,1.2499590773085747,1.2658098598854484,1.2374051401145516,0.0021921831339704045,38.14292216659085,5.831308573411675,1,1,1,0,0,0,0,1,1,1
1.24395,1.2408,1.24845,1.24474,0.003149999999999986,0.0025386847195356665,0.009179999999999966,1.2438233333333333,1.246908,1.2461783962022195,1.251675,1.2488665177979246,1.2658185899968277,1.237382410003172,0.001524723039051823,45.52623109108466,16.765012148559144,0,0,0,0,0,0,0,1,1,1
1.24369,1.24395,1.24862,1.25272,-0.00025999999999992696,-0.00020901161622244313,0.005839999999999845,1.24407,1.245102,1.2453489308014798,1.249862,1.2479253327437563,1.2659559466730042,1.2367570533269958,0.0009636677163771257,47.49034749034746,15.862547726483731,0,0,0,0,0,0,1,1,1,0
1.24142,1.24369,1.2408,1.24845,-0.0022699999999999942,-0.0018252136786498507,0.007360000000000033,1.2410933333333334,1.243696,1.2440392872009864,1.247802,1.246742544972164,1.265913292052176,1.2368437079478238,0.00033202986851077476,35.55512869765673,13.591916558018259,0,0,0,0,0,1,1,1,1,1
1.23644,1.24142,1.24395,1.24862,-0.0049799999999999844,-0.004011535177458114,0.011149999999999993,1.2396966666666664,1.2412599999999998,1.2415061914673244,1.245199,1.2448693549772252,1.266756630425896,1.2349723695741042,-0.0005638918626496014,31.57520866631154,2.1441889372283325,0,0,0,1,1,1,1,1,1,1
1.23213,1.23644,1.24369,1.2408,-0.004310000000000036,-0.003485814111481411,0.007870000000000044,1.2338466666666665,1.2395260000000001,1.2383807943115497,1.243296,1.2425531086177295,1.2679558535857902,1.2320161464142099,-0.001603216388628148,21.81054937032316,3.659849300322995,1,1,1,1,1,1,1,1,1,1
1.23438,1.23213,1.24142,1.24395,0.0022500000000000853,0.0018261060115409844,0.008449999999999847,1.2349833333333333,1.237612,1.2370471962076999,1.24226,1.2410670888690514,1.2678658256020738,1.2299011743979258,-0.0022197445341824995,25.429799426934323,9.714747039828055,1,1,1,1,1,1,1,1,1,1
1.23536,1.23438,1.23644,1.24369,0.0009799999999999809,0.0007939208347509386,0.003649999999999931,1.23533,1.235946,1.2364847974718,1.240524,1.2400294363474056,1.2680918370200835,1.2282601629799168,-0.002599306533870971,26.45708230307335,12.351991388590108,1,1,1,1,1,1,1,1,1,1
1.24114,1.23536,1.23213,1.24142,0.005779999999999896,0.004678798083149749,0.011900000000000022,1.23946,1.23589,1.2380365316478668,1.239793,1.2402313570115135,1.2680551033201515,1.2277428966798483,-0.002405979820990334,32.78450363196126,31.16922152088954,1,1,1,1,1,1,1,1,1,1
1.24401,1.24114,1.23438,1.23644,0.00287000000000015,0.0023123902218928905,0.009610000000000118,1.2410533333333333,1.237404,1.2400276877652445,1.2393319999999999,1.2409183830094201,1.2670853701821867,1.227467629817813,-0.001998148580744985,43.319005793309714,55.536912751678244,1,1,0,0,0,1,1,1,1,1
1.25258,1.24401,1.23536,1.23213,0.008569999999999967,0.006889012146204632,0.013889999999999958,1.24885,1.2414939999999999,1.2442117918434965,1.24051,1.2430386770077073,1.2664727633081678,1.2276192366918324,-0.0009722050326239629,57.0427596119296,91.4848993288592,0,0,0,0,1,1,0,1,1,1
1.24446,1.25258,1.24114,1.23438,-0.008120000000000127,-0.00648261987258314,0.010300000000000198,1.2476666666666667,1.2435100000000001,1.2442945278956645,1.240561,1.2432970993699424,1.2640473403759254,1.2281886596240748,-0.0008050731355762064,42.59856630824363,57.42449664429502,0,0,0,1,1,1,1,1,1,1
1.24326,1.24446,1.24401,1.23536,-0.0011999999999998678,-0.0009642736608648228,0.008020000000000138,1.2416333333333334,1.24509,1.2439496852637766,1.240518,1.2432903540299527,1.2615499806974535,1.2288300193025465,-0.0007606812146916386,45.0787028257159,52.811839323467325,0,1,1,1,1,1,1,1,1,1
1.24235,1.24326,1.25258,1.24114,-0.0009099999999999664,-0.0007319466563711075,0.006680000000000019,1.2424366666666666,1.245332,1.243416456842518,1.240611,1.2431193805699614,1.258546755117748,1.229866244882252,-0.0007898250804978524,44.13689919581075,48.9640591966176,1,1,1,1,1,1,1,1,1,1
1.24373,1.24235,1.24446,1.24401,0.0013799999999999368,0.0011107980842757215,0.010520000000000085,1.2443833333333334,1.245276,1.2435209712283453,1.2413399999999999,1.243230402284514,1.254748690279531,1.231790309720469,-0.0006935722678904632,53.115032957686694,54.799154334038,1,1,1,1,1,1,1,1,1,1
1.25596,1.24373,1.24326,1.25258,0.012229999999999963,0.009833323952948003,0.013379999999999947,1.2515933333333333,1.245952,1.2476673141522303,1.243723,1.2455448745964206,1.2558515794545797,1.2311674205454204,0.00036535597296016853,60.70219212261639,99.4472956968021,1,0,1,1,1,1,1,1,1,1
1.25796,1.25596,1.24235,1.24446,0.0020000000000000018,0.0015924074015096767,0.005589999999999984,1.2567699999999997,1.2486519999999999,1.2510982094348202,1.246081,1.247802170124344,1.2581035526749202,1.23023744732508,0.0013503811648181152,62.33362143474505,96.41843971631222,0,1,1,1,1,1,1,1,1,1
1.25116,1.25796,1.24373,1.24326,-0.006799999999999917,-0.005405577283856378,0.011260000000000048,1.2532400000000001,1.250232,1.2511188062898801,1.2476610000000001,1.2484126846471904,1.2578402636458863,1.2303447363541138,0.0015642854471591416,57.80698941968588,69.97254632807143,1,1,1,1,1,1,1,1,1,1
1.2611,1.25116,1.25596,1.24235,0.00994000000000006,0.00794462738578594,0.01201999999999992,1.2579866666666666,1.2539820000000002,1.2544458708599202,1.249657,1.2507194692567922,1.260352377461231,1.229097622538769,0.0025069821305070406,68.31006831006842,95.76886643511243,1,1,1,1,1,1,1,1,1,1
1.26614,1.2611,1.25796,1.24373,0.005039999999999933,0.003996510982475554,0.009889999999999954,1.2653233333333334,1.258464,1.2583439139066135,1.2518699999999998,1.2535232021191935,1.2638859065164632,1.2273160934835372,0.003619043838195557,74.98163655060979,90.41237113402074,1,1,1,1,1,1,1,1,1,0
1.27842,1.26614,1.25116,1.25596,0.012279999999999847,0.009698769488366121,0.015589999999999993,1.2732833333333333,1.2629560000000002,1.265035942604409,1.2544540000000002,1.2580498926429764,1.2707487755891482,1.2242152244108517,0.005428675730678512,78.19462227912936,99.80366492146565,1,1,0,0,0,0,0,0,0,0
1.2818,1.27842,1.2611,1.25796,0.0033800000000001607,0.002643888549928919,0.008000000000000007,1.2811333333333332,1.2677239999999999,1.270623961736273,1.258188,1.262368093980617,1.2771518004447875,1.2215971995552122,0.007054242874581895,78.84472049689451,94.24515633991965,0,0,0,0,0,0,0,0,0,0
1.27924,1.2818,1.26614,1.25116,-0.0025600000000001177,-0.0019971914495241494,0.006639999999999979,1.2799666666666667,1.27334,1.2734959744908487,1.261786,1.2654357132568683,1.2817992010227088,1.2205047989772912,0.00804322860983886,74.65062111801244,88.88666799920047,0,0,0,0,0,0,0,0,0,0
1.2764,1.27924,1.27842,1.2611,-0.0028399999999999537,-0.0022200681654732657,0.009299999999999864,1.27612,1.2764,1.2744639829938993,1.265191,1.2674292199374375,1.285159859509321,1.220642140490679,0.008499861552164534,70.96440129449837,82.49635340695986,1,0,0,0,0,0,0,0,0,0
1.27664,1.2764,1.2818,1.26614,0.00024000000000001798,0.00018802883108737234,0.011149999999999993,1.27531,1.2785,1.275189321995933,1.268482,1.2691039072215398,1.2878536461085262,1.221968353891474,0.008779903184446214,67.45502031340686,82.99645759533246,0,0,0,0,0,0,0,0,0,0
1.27471,1.27664,1.27924,1.27842,-0.0019299999999999873,-0.0015117809249278746,0.011550000000000171,1.2771066666666666,1.277758,1.2750295479972888,1.2703570000000002,1.2701231968176234,1.2892797557781008,1.224800244221899,0.008745293030997914,74.11127052447014,78.97478641383636,0,0,1,0,0,0,0,0,0,0
1.27144,1.27471,1.2764,1.2818,-0.003270000000000106,-0.002565289359932943,0.006650000000000045,1.2715766666666666,1.2756859999999999,1.2738330319981928,1.271705,1.2703626155780554,1.2898849209166723,1.2279010790833278,0.008357660654011445,71.74382716049374,70.7402540516863,0,1,0,0,0,0,0,0,1,1
1.27108,1.27144,1.27664,1.27924,-0.00035999999999991594,-0.00028314352230540685,0.006050000000000111,1.2715566666666667,1.274054,1.272915354665462,1.273697,1.270493049109318,1.2900345194487388,1.2313234805512614,0.007929998128976212,72.35797665369647,69.74641675854475,1,0,0,0,0,1,0,1,1,1
1.2748,1.27108,1.27471,1.2764,0.0037199999999999456,0.002926645057746091,0.006059999999999954,1.2735133333333335,1.273734,1.2735435697769746,1.275067,1.2712761310894418,1.2908475506122705,1.2338764493877294,0.007801316684814985,73.32932872803721,76.23574144486685,0,0,0,0,0,0,0,1,1,1
1.26347,1.2748,1.27144,1.27664,-0.01132999999999984,-0.008887668653906333,0.014529999999999932,1.2664133333333334,1.2711000000000001,1.27018571318465,1.2748,1.269856834527725,1.290478957357995,1.2361910426420053,0.006707776331870141,55.71624295935466,40.9958506224069,0,1,1,1,1,1,1,1,1,1
1.26116,1.26347,1.27108,1.27471,-0.0023100000000000342,-0.0018282982579721496,0.007549999999999946,1.2622900000000001,1.2683900000000001,1.2671771421231002,1.2730739999999998,1.2682755918863204,1.2904597646157787,1.237068235384221,0.005590298547291095,52.42424242424251,34.60580912863085,1,1,1,1,1,1,1,1,1,1
1.26926,1.26116,1.2748,1.27144,0.008099999999999996,0.006422658504868561,0.012820000000000054,1.2672933333333334,1.267954,1.2678714280820669,1.2718200000000002,1.2684545751797167,1.2901852916352807,1.2398227083647189,0.005297228504703266,63.44725111441309,54.79930191972091,0,1,1,1,1,1,1,1,1,1
1.269,1.26926,1.26347,1.27108,-0.000260000000000149,-0.00020484376723461928,0.006410000000000027,1.26905,1.267538,1.2682476187213778,1.270796,1.268553743328859,1.2893333042524653,1.2432486957475348,0.004986507206325541,56.85525859076691,38.56920684292357,1,1,1,1,1,1,1,1,1,1
1.27124,1.269,1.26116,1.2748,0.0022400000000000198,0.0017651694247438066,0.005839999999999845,1.2710533333333334,1.266826,1.269245079147585,1.27028,1.2690421536327028,1.2879010855618593,1.247569914438141,0.004864927759376414,54.651587012039286,47.27838258164839,0,1,1,1,1,1,1,1,1,1
1.27033,1.27124,1.26926,1.26347,-0.0009099999999999664,-0.0007158365060885297,0.0046999999999999265,1.27087,1.268198,1.2696067194317235,1.269649,1.2692763075176658,1.2857778080707802,1.2523531919292197,0.004641639842144274,40.690448791714736,43.74027993779159,1,1,1,1,1,1,1,1,1,1
1.27386,1.27033,1.269,1.26116,0.003530000000000033,0.0027788055072304196,0.010729999999999906,1.2730766666666666,1.270738,1.2710244796211492,1.269564,1.2701097061508175,1.285600485832543,1.2543205141674572,0.004695398427308151,40.89449541284399,59.11999999999975,1,1,1,1,1,1,1,1,1,1
1.28375,1.27386,1.27124,1.26926,0.009889999999999954,0.007763804499709481,0.012369999999999992,1.2803866666666666,1.2736359999999998,1.2752663197474328,1.270795,1.2725897595779416,1.2869764483894939,1.255523551610506,0.0054729540318976255,54.42764578833696,95.5831073227426,1,1,1,1,1,1,1,1,1,1
1.28608,1.28375,1.27033,1.269,0.0023299999999999432,0.0018149951314507806,0.011780000000000124,1.2826266666666666,1.2770519999999999,1.2788708798316217,1.272295,1.2750425305637703,1.2869894276302183,1.2590025723697817,0.0062056491177509,59.5993653312177,97.43774810537637,1,1,1,1,1,1,1,1,0,0
1.29308,1.28608,1.27386,1.27124,0.007000000000000117,0.005442896242846551,0.00861999999999985,1.2904466666666667,1.28142,1.2836072532210814,1.274123,1.2783220704612666,1.2900926555102972,1.2590973444897027,0.007267382884527773,64.3756558237146,98.95227008149034,1,1,1,1,1,1,0,0,0,0
1.2988,1.29308,1.28375,1.27033,0.005719999999999947,0.004423546880316653,0.009640000000000093,1.2963866666666666,1.287114,1.2886715021473876,1.277656,1.2820453303773998,1.2945921729004017,1.257863827099598,0.008472702697420953,69.75561751681151,97.06744868035169,1,1,1,1,0,0,0,0,0,0
1.31346,1.2988,1.28608,1.27386,0.014660000000000117,0.011287342161995673,0.016590000000000105,1.30833,1.295034,1.2969343347649251,1.282886,1.2877570884905998,1.3027820814067153,1.2531779185932845,0.010489945255130362,79.03537866224445,98.90869407057123,0,0,0,0,0,0,0,0,0,0
1.30909,1.31346,1.29308,1.28375,-0.004369999999999985,-0.0033270902806328273,0.005279999999999951,1.3107366666666669,1.300102,1.3009862231766167,1.2868689999999998,1.291635799674127,1.3077695923064758,1.2509194076935244,0.011602258424217249,74.88542621448218,90.72931785195946,0,0,0,0,0,0,0,0,0,0
1.30726,1.30909,1.2988,1.28608,-0.0018299999999999983,-0.0013979176374427915,0.005780000000000118,1.3077266666666667,1.304338,1.3030774821177444,1.290695,1.2944765633697402,1.3117902591814088,1.249700740818591,0.012195526480633267,71.7910848549947,87.40928882438328,0,0,0,0,0,0,0,0,0,0
1.3034,1.30726,1.31346,1.29308,-0.0038600000000001966,-0.002952740847268487,0.009750000000000147,1.3062433333333334,1.3064019999999998,1.3031849880784963,1.293911,1.2960990063934237,1.3146558378199225,1.2495351621800777,0.012213437049271025,79.79406058797159,80.40638606676319,0,0,0,0,0,0,0,0,0,0
1.29394,1.3034,1.30909,1.2988,-0.009459999999999802,-0.007257940770292959,0.01737999999999995,1.29492,1.3054299999999999,1.3001033253856642,1.2962719999999999,1.2957064597764376,1.3158283351648106,1.2500926648351898,0.011333641203625344,72.1008629989212,62.688766114180595,0,0,0,0,1,0,0,0,0,0
1.2867,1.29394,1.30726,1.31346,-0.007240000000000135,-0.0055953135384949615,0.012460000000000138,1.2890199999999998,1.3000779999999998,1.2956355502571095,1.297556,1.294068921635267,1.316231005655266,1.250888994344734,0.009937634302294551,61.89631650750328,43.09952410511052,0,0,1,1,0,0,0,0,0,0
1.28525,1.2867,1.3034,1.30909,-0.0014499999999999513,-0.0011269138105229892,0.008799999999999919,1.2857233333333333,1.2953100000000002,1.2921737001714064,1.297706,1.2924654813379455,1.3164228984185218,1.2520781015814781,0.008614977792108958,60.907504363001784,38.2465870307167,0,1,1,0,0,0,0,0,0,0
1.28233,1.28525,1.29394,1.30726,-0.0029200000000000337,-0.0022719315308306065,0.008599999999999941,1.28347,1.290324,1.2888924667809376,1.297331,1.2906226665492282,1.3164039661304106,1.2532220338695899,0.0072475975884924715,57.37661301050952,32.01791808873711,1,1,0,1,1,0,0,0,0,0
1.29014,1.28233,1.2867,1.3034,0.007810000000000095,0.0060904759305326905,0.009540000000000104,1.28716,1.2876720000000001,1.2893083111872918,1.297037,1.290534908994823,1.3168910015977249,1.254268998402275,0.006716714550462299,62.068965517241395,48.677474402730475,1,0,0,0,0,0,0,0,0,0
1.29411,1.29014,1.28525,1.29394,0.003970000000000029,0.003077185421737294,0.008479999999999821,1.29253,1.287706,1.2909088741248613,1.2965680000000002,1.2911849255412187,1.3168256074445452,1.2573983925554548,0.006540931947441653,62.27123984971521,51.79942418426111,0,0,0,0,0,0,0,0,0,0
1.27945,1.29411,1.28233,1.2867,-0.014660000000000117,-0.01132824875783367,0.02137000000000011,1.2857133333333335,1.286256,1.2870892494165744,1.293167,1.2890513027155424,1.3154116340963267,1.2606413659036733,0.005159211310346468,47.536663611365746,11.32942077060473,1,1,0,0,0,0,0,0,0,0
1.28463,1.27945,1.29014,1.28525,0.005179999999999962,0.004048614639102777,0.012410000000000032,1.2831933333333334,1.2861319999999998,1.2862694996110497,1.290721,1.2882474294945345,1.3147900776717056,1.2627999223282942,0.004431091593986247,49.19560634638858,22.040601107302713,0,0,0,0,0,0,0,0,0,0
1.28342,1.28463,1.29411,1.28233,-0.0012099999999999334,-0.0009419054513750691,0.004430000000000156,1.2844833333333334,1.28635,1.2853196664073665,1.2883369999999998,1.2873697150409829,1.3139525389917404,1.2650794610082594,0.003713606441920536,44.2731799857719,18.850514104930095,0,0,0,0,0,0,0,0,0,0
1.27759,1.28342,1.27945,1.29014,-0.005830000000000002,-0.004542550373221599,0.010009999999999852,1.2785866666666668,1.28384,1.2827431109382443,1.285756,1.2855915850335313,1.3134204600682935,1.2662465399317062,0.002644082673869841,37.44227353463596,8.748753738783419,0,0,0,1,0,0,0,0,0,0
1.27095,1.27759,1.28463,1.29411,-0.006639999999999979,-0.005197285514132011,0.012480000000000047,1.2731366666666666,1.2792080000000001,1.2788120739588296,1.2834569999999998,1.2829294786637984,1.3133449200401797,1.2663840799598203,0.0012463180957804632,22.190239434776956,6.405539926423,0,1,1,1,1,0,0,0,0,1
1.2708,1.27095,1.28342,1.27945,-0.0001500000000000945,-0.00011802195208321375,0.01075999999999988,1.2685266666666666,1.277478,1.2761413826392198,1.281867,1.280724118906744,1.3136661108296528,1.265756889170347,0.0001250345306587075,23.487051654895453,17.395606570353966,1,1,1,1,0,0,0,0,1,1
1.27389,1.2708,1.27759,1.28463,0.003090000000000037,0.0024315391879130566,0.011519999999999975,1.2735966666666665,1.2753299999999999,1.27539092175948,1.280731,1.2794815518327904,1.3140784464580046,1.2643585535419954,-0.0005083931574640932,27.290050360691467,23.510785671877894,1,1,0,0,0,0,0,0,1,0
1.27834,1.27389,1.27095,1.28342,0.004450000000000065,0.003493237249684089,0.007630000000000026,1.2761566666666668,1.274314,1.2763739478396534,1.280332,1.2792739969541012,1.3141342007295793,1.263528799270421,-0.0006438890024893507,33.08128544423455,38.797814207650205,0,0,0,0,0,0,0,0,0,0
1.27479,1.27834,1.2708,1.27759,-0.003549999999999942,-0.0027770389724173228,0.010140000000000038,1.27389,1.2737539999999998,1.2758459652264358,1.278797,1.2784587247806283,1.3138864736586127,1.2619475263413873,-0.001025899832608923,35.950110051357385,34.0618336886994,0,0,0,0,0,0,0,0,1,0
1.2717,1.27479,1.27389,1.27095,-0.003090000000000037,-0.002423928647071305,0.006960000000000077,1.2736733333333332,1.273904,1.274463976817624,1.276556,1.2772298657296048,1.3129649317351435,1.2601590682648565,-0.0015600006273455147,38.28125000000013,25.826226012793114,0,0,0,0,1,1,1,1,1,1
1.26747,1.2717,1.27834,1.2708,-0.004229999999999956,-0.003326256192498156,0.014880000000000004,1.2720566666666668,1.273238,1.2721326512117495,1.275358,1.2754553446878583,1.3087425385921632,1.259782461407837,-0.0022981137784656713,36.68763102725379,14.552238805970205,1,1,1,1,1,1,1,1,1,0
1.26922,1.26747,1.27479,1.27389,0.0017499999999999183,0.0013807032908075278,0.007249999999999979,1.2698766666666668,1.2723039999999999,1.2711617674744997,1.273817,1.274321645653702,1.3046387849788528,1.259899215021147,-0.0027106170874233726,40.00914494741661,19.2164179104476,0,1,1,1,1,1,1,1,0,0
1.26864,1.26922,1.2717,1.27834,-0.0005800000000000249,-0.0004569735743212844,0.009820000000000162,1.2672266666666665,1.2703640000000003,1.2703211783163333,1.272339,1.2732886191712107,1.3001452762813144,1.2605307237186856,-0.0030491810236448202,31.58615964371357,18.539029535865133,1,1,1,1,1,1,1,0,0,0
1.27033,1.26864,1.26747,1.27479,0.0016899999999999693,0.0013321351998991648,0.007710000000000106,1.2710000000000001,1.269472,1.2703241188775556,1.2716129999999999,1.2727506884128086,1.2957119199609464,1.261657080039054,-0.00314487435232369,28.80570409982164,22.995780590717356,1,1,1,1,1,1,0,0,0,0
1.27309,1.27033,1.26922,1.2717,0.0027600000000000957,0.0021726637960215456,0.007929999999999993,1.2727866666666667,1.2697500000000002,1.271246079251704,1.271827,1.2728123814286614,1.2932288630245947,1.2620551369754052,-0.0029638377938550065,42.80542986425349,42.40857037310711,1,1,1,1,0,0,0,0,0,0
1.27462,1.27309,1.26864,1.26747,0.0015300000000000313,0.0012018003440448233,0.008460000000000134,1.2745133333333334,1.27118,1.272370719501136,1.272209,1.2731410393507228,1.2920734158747413,1.2620025841252585,-0.002666172823044821,37.65721331689293,50.78064012490277,0,1,0,0,0,0,0,0,0,0
1.27318,1.27462,1.27033,1.26922,-0.0014400000000001079,-0.0011297484740551145,0.007689999999999975,1.27287,1.271972,1.272640479667424,1.272138,1.2731481231051367,1.2910449915080011,1.2618240084919992,-0.0025174475858227296,37.444825895046634,51.467971530249336,1,0,0,0,0,0,0,0,0,0
1.27567,1.27318,1.27309,1.26864,0.0024900000000001032,0.001955732889300954,0.005650000000000155,1.27444,1.273378,1.2736503197782827,1.271871,1.27360664617693,1.2904474178496002,1.2617555821503998,-0.0021736036240578294,47.435897435897566,69.6729435084248,0,0,0,0,0,0,0,0,0,0
1.27316,1.27567,1.27462,1.27033,-0.0025100000000000122,-0.0019675934998862887,0.00817000000000001,1.2749899999999998,1.2739440000000002,1.2734868798521886,1.271708,1.2735254377811245,1.2880236218235397,1.2624813781764606,-0.002079667715278566,53.31732212548787,57.234886025768695,0,0,0,0,0,0,0,0,0,0
1.27238,1.27316,1.27318,1.27309,-0.0007800000000000029,-0.0006126488422507625,0.014979999999999993,1.2700733333333334,1.2738020000000003,1.273117919901459,1.271776,1.2733171763663744,1.2833857577317243,1.264946242268276,-0.002044593510790227,52.327637006482206,53.78192534381164,0,0,0,0,0,0,0,0,0,0
1.25997,1.27238,1.27567,1.27462,-0.012410000000000032,-0.009753375563903877,0.013750000000000151,1.2639533333333333,1.270872,1.2687352799343061,1.271026,1.2708904170270336,1.2840344207823329,1.2623495792176673,-0.002983785019971208,33.91123439667149,3.961267605634331,0,1,1,1,1,0,1,0,0,0
1.25761,1.25997,1.27316,1.27318,-0.0023600000000001398,-0.0018730604696938213,0.010649999999999826,1.25926,1.2677580000000002,1.2650268532895375,1.2698649999999998,1.268475795749391,1.2833928764026095,1.2602891235973905,-0.003873877683631788,24.823900898712708,10.54384017757976,1,1,1,1,1,1,0,0,0,0
1.26015,1.25761,1.27238,1.27567,0.0025400000000002088,0.002019704041793746,0.004510000000000014,1.2592266666666667,1.2646540000000002,1.2634012355263584,1.2690160000000001,1.266962014704047,1.2820042208521827,1.2593507791478176,-0.004324475893808799,31.772908366534168,19.940806511283864,1,1,1,0,1,0,0,0,0,0
1.26428,1.26015,1.25997,1.27316,0.004129999999999967,0.0032773876125857804,0.00920999999999994,1.2619833333333332,1.262878,1.2636941570175724,1.268411,1.2664743756669476,1.2811917459720745,1.2588322540279258,-0.004298768213533588,40.99514563106811,35.22012578616357,1,1,0,0,0,0,0,0,0,0
1.27205,1.26428,1.25761,1.27238,0.007769999999999833,0.0061457904894484106,0.012720000000000065,1.26949,1.2628119999999998,1.2664794380117148,1.268307,1.2674881255456842,1.281276958166977,1.2588570418330227,-0.0036098089972094183,55.11846222619553,68.52952833927823,0,0,0,0,0,0,0,0,0,0
1.26723,1.27205,1.26015,1.25997,-0.004819999999999824,-0.003789159231162187,0.008180000000000076,1.2686166666666667,1.264264,1.2667296253411433,1.267568,1.267441193628287,1.2811628215923856,1.2586141784076144,-0.003413390135448946,47.918845429826476,49.42528735632203,0,0,0,0,0,0,0,0,0,0
1.25858,1.26723,1.26428,1.25761,-0.008650000000000047,-0.006825911634036452,0.013490000000000002,1.26249,1.2644579999999999,1.2640130835607624,1.266108,1.265830067514053,1.2812965210492673,1.2569494789507327,-0.0039106301709874725,40.99856836077318,15.140705509314131,1,0,0,0,0,0,0,0,0,0
1.26283,1.25858,1.27205,1.26015,0.004249999999999865,0.0033768214972427213,0.005589999999999984,1.26188,1.264994,1.2636187223738415,1.2648240000000002,1.2652846006933158,1.2800143236330341,1.2566806763669658,-0.003916608772381203,43.583162217659115,31.985731272294267,0,0,0,0,0,0,0,0,0,0
1.25652,1.26283,1.26723,1.26428,-0.006309999999999816,-0.004996713730272329,0.010380000000000056,1.2574666666666667,1.263442,1.2612524815825612,1.2631599999999998,1.2636910369308947,1.2798159858963318,1.2550520141036685,-0.004380020966950227,36.634941119535426,13.839941262848972,0,0,0,0,0,0,0,0,0,0
1.25057,1.25652,1.25858,1.27205,-0.005950000000000122,-0.004735300671696474,0.010599999999999943,1.2524833333333332,1.2591459999999999,1.2576916543883743,1.260979,1.2613053938525502,1.2806832689872272,1.2520717310127731,-0.005167822304952274,31.89278723083865,7.629513343798861,0,0,1,0,0,0,0,0,0,0
1.24707,1.25057,1.26283,1.26723,-0.0035000000000000586,-0.002798723781955448,0.006280000000000063,1.2474566666666667,1.2551139999999998,1.254151102925583,1.259689,1.2587171404248136,1.2820459099397128,1.248669090060287,-0.006005355292789005,30.933255440338783,7.215332581735905,0,1,1,1,0,0,0,0,0,0
1.24642,1.24707,1.25652,1.25858,-0.0006499999999998174,-0.0005212217437672306,0.006310000000000038,1.24763,1.252682,1.2515740686170553,1.2585700000000002,1.2564812967112111,1.282802198714693,1.245632801285307,-0.006644956861119322,28.050427735254317,5.383314543404962,1,1,1,0,0,0,0,0,0,0
1.25081,1.24642,1.25057,1.26283,0.004389999999999894,0.003522087257906481,0.008519999999999861,1.25061,1.250278,1.251319379078037,1.257636,1.255450151854627,1.2827108257529904,1.2439411742470095,-0.00672014376666441,33.68851262589388,19.74921630094033,0,0,0,0,0,0,0,0,0,0
1.2492,1.25081,1.24707,1.25652,-0.0016099999999998893,-0.0012871659164860327,0.007030000000000092,1.2493366666666665,1.2488139999999999,1.2506129193853581,1.256128,1.2543137606083312,1.282338216136528,1.2422007838634719,-0.00683090109987905,33.28526103259293,15.602129075183255,0,0,0,0,0,0,0,0,0,0
1.249,1.2492,1.24642,1.25057,-0.00019999999999997797,-0.00016010246557796037,0.007169999999999899,1.2476566666666666,1.2485000000000002,1.2500752795902388,1.2538230000000001,1.2533476223159075,1.2812903540727607,1.240839645927239,-0.006855786177470291,40.3990897952039,17.96599294193155,0,0,0,0,0,0,0,0,0,0
1.24094,1.249,1.25081,1.24707,-0.008060000000000178,-0.006453162530024148,0.01096000000000008,1.2437133333333332,1.2472740000000002,1.2470301863934927,1.2511940000000001,1.2510916909857424,1.2804454073960672,1.2383165926039326,-0.00744011737868866,36.73404424637904,3.7768240343347257,0,0,0,0,0,0,0,0,0,0
1.23817,1.24094,1.2492,1.24642,-0.002769999999999939,-0.0022321788321755243,0.006690000000000085,1.2401866666666665,1.2456239999999998,1.2440767909289954,1.2491530000000002,1.2487422926246983,1.2796631460890275,1.2355978539109722,-0.008034107722906247,32.572153504598504,0.8714596949893716,1,1,0,0,0,0,0,0,0,0
1.23847,1.23817,1.249,1.25081,0.00029999999999996696,0.0002422930615342267,0.0040000000000000036,1.2388166666666667,1.2431560000000001,1.2422078606193303,1.2467169999999999,1.2468746030565714,1.2776714122376727,1.2338695877623271,-0.008383996366120305,28.212054702008743,3.9382650345926766,1,0,0,0,0,0,0,0,0,0
1.23909,1.23847,1.24094,1.2492,0.0006200000000000649,0.000500617697643202,0.005509999999999904,1.2394800000000001,1.2411340000000002,1.2411685737462204,1.244974,1.2454592206826494,1.2755692320506042,1.2325647679493958,-0.008513122837400688,18.356374807987507,5.948464912280705,0,0,0,0,0,0,0,0,0,0
1.23434,1.23909,1.23817,1.249,-0.004750000000000032,-0.003833458425134606,0.008969999999999922,1.2365233333333332,1.2382019999999998,1.2388923824974802,1.243351,1.2434375441948948,1.2735761623618231,1.2307538376381768,-0.008896192034701045,18.38108056143021,3.179190751444913,0,0,0,0,0,0,0,0,0,0
1.22942,1.23434,1.23847,1.24094,-0.0049200000000000355,-0.003985935803749396,0.011359999999999815,1.2290400000000001,1.2358980000000002,1.2357349216649869,1.241586,1.240888899795823,1.2739763394380683,1.2272986605619318,-0.009487415000851485,19.801159900579663,15.232756519619503,0,0,0,0,0,0,0,0,0,0
1.22346,1.22942,1.23909,1.23817,-0.005959999999999965,-0.00484781441655413,0.006449999999999845,1.2253233333333335,1.2329560000000002,1.2316432811099913,1.23929,1.2377200089238551,1.2749624550472987,1.2228975449527015,-0.010317946783438448,10.622124424884873,1.0723192019948382,0,0,0,0,0,0,0,0,0,1
1.22102,1.22346,1.23434,1.23847,-0.0024399999999999977,-0.0019943439098948357,0.005619999999999958,1.2217799999999999,1.229466,1.2281021874066609,1.2363110000000002,1.2346836436649724,1.2752411800939674,1.2187058199060326,-0.01104570875801869,11.513443191673744,4.239654734704389,0,0,0,0,0,0,0,0,1,1
1.21569,1.22102,1.22942,1.23909,-0.005330000000000057,-0.004365202863179984,0.006310000000000038,1.2174733333333332,1.224786,1.2239647916044407,1.2329599999999998,1.2312302539077047,1.274829088496871,1.2142589115031288,-0.011915200803538806,11.670329670329536,1.2133468149647004,0,1,1,0,0,0,1,1,1,1
1.21343,1.21569,1.22346,1.23434,-0.0022599999999999287,-0.0018590265610475276,0.005360000000000031,1.21361,1.220604,1.2204531944029606,1.229403,1.2279938441063039,1.272035713190886,1.2111902868091142,-0.012640925901270306,11.997288748305365,5.508571428571487,1,1,0,0,1,1,1,1,1,1
1.22039,1.21343,1.22102,1.22942,0.006960000000000077,0.005735806762648066,0.01045000000000007,1.2182600000000001,1.218798,1.2204321296019738,1.2273479999999999,1.2266113269960668,1.2685817049961032,1.2099602950038968,-0.012510244129962933,24.263397271109355,21.41714285714311,0,0,0,0,0,1,1,1,1,0
1.22018,1.22039,1.21569,1.22346,-0.00021000000000004349,-0.00017207613959480117,0.009140000000000148,1.2217666666666667,1.2181419999999998,1.2203480864013159,1.225549,1.2254419948149637,1.2663653651535463,1.2083366348464535,-0.012282043378881946,16.986419486958567,21.861575178997725,0,0,0,0,1,1,1,1,0,0
1.20864,1.22018,1.21343,1.22102,-0.011540000000000106,-0.00945762100673675,0.01334000000000013,1.2130666666666665,1.2156660000000001,1.2164453909342106,1.222566,1.2223870866667885,1.2637584072063524,1.2055245927936475,-0.012883857110896901,13.99147727272738,0.07147962830587193,0,1,1,1,1,1,1,1,1,1
1.20761,1.20864,1.22039,1.21569,-0.0010299999999998644,-0.0008521975112522062,0.004929999999999879,1.2076466666666665,1.2140499999999999,1.2135002606228071,1.2194180000000001,1.2197003436364633,1.2617877722562088,1.202604227743791,-0.013290704255798813,13.788276465441953,5.3107095636844965,1,1,1,1,1,1,1,1,1,1
1.21351,1.20761,1.22018,1.21343,0.005900000000000016,0.004885683291791176,0.013970000000000038,1.21162,1.214066,1.2135035070818714,1.2173349999999998,1.2185748266116518,1.2597309216865162,1.2009550783134837,-0.012987342853590267,25.059101654846515,24.03916768665887,1,1,1,1,1,1,1,1,1,1
1.21921,1.21351,1.20864,1.22039,0.005699999999999816,0.004697118276734358,0.008809999999999985,1.2164933333333334,1.2138300000000002,1.2154056713879142,1.2163140000000001,1.2186903126822606,1.2576322130835227,1.2002677869164768,-0.01214696177945429,33.63259668508279,40.06195147134739,1,1,1,1,0,0,1,0,0,0
1.22355,1.21921,1.20761,1.22018,0.0043400000000000105,0.0035596820892216385,0.015579999999999927,1.2200566666666666,1.214504,1.218120447591943,1.216323,1.2195738921945767,1.2553573588270033,1.2002556411729972,-0.011003905817901005,37.95997417688828,51.2648425400103,1,1,1,0,0,0,0,0,0,0
1.22369,1.22355,1.21351,1.20864,0.000140000000000029,0.0001144211515671234,0.008119999999999905,1.2214366666666667,1.217514,1.2199769650612953,1.2165899999999998,1.2203222754319263,1.2518172685430364,1.2010837314569633,-0.009971780425596988,37.47560182173058,52.06977349648526,1,1,0,0,0,0,0,0,0,1
1.22848,1.22369,1.21921,1.20761,0.004790000000000072,0.003914390082455643,0.007959999999999967,1.2262333333333333,1.2216879999999999,1.2228113100408635,1.2178689999999999,1.2218054980806667,1.2484550121242466,1.2023739878757531,-0.008667388389739461,45.237321196358934,80.38261997406,1,0,0,0,0,0,0,0,0,0
1.23123,1.22848,1.22355,1.21351,0.00275000000000003,0.0022385386819483433,0.006900000000000128,1.2305766666666667,1.225232,1.2256175400272424,1.219649,1.2235190438841819,1.2449600545478217,1.2040919454521783,-0.007327281941250208,51.52485256950302,91.76941019660126,0,0,0,0,0,0,0,0,0,0
1.21747,1.23123,1.22369,1.21921,-0.013759999999999994,-0.011175816053864862,0.01597000000000004,1.2225666666666668,1.2248839999999999,1.2229016933514951,1.219357,1.2224192177234214,1.2424709175462796,1.2042340824537205,-0.0072915030207383325,45.53983618763966,45.918027324225534,0,1,1,0,0,0,1,0,0,0
1.21409,1.21747,1.22848,1.22355,-0.0033800000000001607,-0.002776249106754336,0.010259999999999936,1.2162566666666665,1.222992,1.21996446223433,1.218748,1.220904814500981,1.2403487559554067,1.2039482440445934,-0.007450006681069876,44.9111470113085,34.65511496167922,1,1,0,1,1,1,1,0,0,0
1.22163,1.21409,1.23123,1.22369,0.007540000000000102,0.00621041273711187,0.008859999999999868,1.21885,1.22258,1.2205196414895534,1.2200469999999999,1.2210366664098935,1.2378061488319951,1.204806851168005,-0.006887808618012414,54.224751066856356,59.78007330889707,0,0,0,0,1,0,0,0,0,0
1.21821,1.22163,1.21747,1.22848,-0.0034199999999999786,-0.0027995383217503944,0.008340000000000014,1.21769,1.220526,1.2197497609930357,1.221107,1.2205227270626402,1.2345134033878078,1.2060115966121923,-0.006641667017406094,53.34452840750069,48.38387204265259,0,0,0,1,0,0,0,0,0,0
1.21406,1.21821,1.21409,1.23123,-0.004150000000000098,-0.003406637607637486,0.007430000000000048,1.21627,1.2170919999999998,1.217853173995357,1.221162,1.2193476857785237,1.2320990601352506,1.2063979398647497,-0.0067041866520602955,45.38965768390376,34.55514828390523,1,1,1,1,0,0,0,1,1,1
1.21429,1.21406,1.22163,1.21747,0.0002300000000001745,0.00018944697955625145,0.010159999999999947,1.2141233333333334,1.216456,1.2166654493302382,1.22067,1.2184281065460647,1.2305801126470859,1.206403887352914,-0.0066584207059681155,45.71137323430908,35.32155948017371,1,1,1,0,0,0,1,1,1,1
1.21634,1.21429,1.21821,1.21409,0.0020499999999998852,0.00168822933566104,0.007719999999999949,1.2142,1.216906,1.2165569662201587,1.2199490000000002,1.2180484508104166,1.2300258194400087,1.206246180559991,-0.00638315199371986,56.50557620817845,42.15261579473513,1,0,0,0,0,1,0,0,1,1
1.22465,1.21634,1.21406,1.22163,0.00831000000000004,0.0068319713238074176,0.011529999999999818,1.2215866666666666,1.21751,1.2192546441467726,1.220045,1.2192487324812498,1.2304999116098494,1.2061350883901505,-0.005431837167956033,62.819741197712794,69.84338553815404,0,0,0,0,0,0,0,0,1,1
1.21606,1.22465,1.21429,1.21821,-0.008590000000000098,-0.007014248969093306,0.013519999999999976,1.22006,1.21708,1.218189762764515,1.2188029999999999,1.2186689629392042,1.2305027249409894,1.2061692750590107,-0.005309845926483092,51.843817787418516,28.698464025868585,0,0,0,1,0,0,1,1,1,1
1.21108,1.21606,1.21634,1.21406,-0.0049799999999999844,-0.004095192671414227,0.006950000000000012,1.2130833333333333,1.216484,1.2158198418430102,1.216788,1.2172891514957125,1.2306276923058848,1.2058093076941154,-0.005551022635568614,44.05962297238061,8.56911883589289,1,1,1,1,1,1,1,1,1,1
1.21268,1.21108,1.22465,1.21429,0.0016000000000000458,0.0013211348548403112,0.007039999999999935,1.2111733333333332,1.216162,1.21477322789534,1.216309,1.2164511239510374,1.2304356782450234,1.2052303217549765,-0.0055490839018259575,41.72629015070801,21.567164179104143,0,1,1,1,1,1,1,1,1,1
1.21171,1.21268,1.21606,1.21634,-0.0009699999999999154,-0.000799881254741508,0.005700000000000038,1.21281,1.215236,1.2137521519302268,1.216071,1.215589101414485,1.230247160837929,1.204571839162071,-0.005561706444884296,40.99518941671694,17.947761194029823,1,1,1,1,1,1,1,1,1,1
1.21665,1.21171,1.21108,1.22465,0.0049399999999999444,0.004076883082585692,0.008459999999999912,1.2143433333333333,1.213636,1.214718101286818,1.215573,1.2157819920663968,1.2299780427003737,1.2056419572996264,-0.0051141405575949594,41.12794360281992,36.38059701492518,0,0,1,1,1,1,1,1,1,1
1.21481,1.21665,1.21268,1.21606,-0.0018400000000000638,-0.0015123494842396168,0.008099999999999996,1.21559,1.213386,1.214748734191212,1.215233,1.2156052662361427,1.229461906743104,1.2068780932568963,-0.0048519833460993755,37.51520681265208,30.190839694655956,1,1,1,1,1,1,1,1,1,1
1.2151,1.21481,1.21171,1.21108,0.0002900000000001235,0.00023872045834338884,0.006850000000000023,1.2136766666666667,1.2141899999999999,1.2148658227941413,1.2153370000000001,1.2155133996477532,1.2294250550433317,1.2070739449566683,-0.004568162358789651,47.73379231210561,37.408759124087624,1,1,1,1,1,1,1,1,1,1
1.22011,1.2151,1.21665,1.21268,0.005009999999999959,0.00412311743889382,0.00714999999999999,1.2193133333333332,1.215676,1.216613881862761,1.215919,1.2163491451663435,1.2294935628837373,1.2070954371162628,-0.0038940785384327103,55.58234421364993,60.2645985401459,1,1,1,1,1,1,1,1,1,1
1.23786,1.22011,1.21481,1.21171,0.017749999999999932,0.01454786863479507,0.020540000000000003,1.23172,1.220906,1.2236959212418408,1.218071,1.2202602096815536,1.2330826685458094,1.2049373314541905,-0.0019056188097950066,62.65398409480735,96.6895690193627,0,0,0,0,0,0,1,1,1,1
1.23434,1.23786,1.2151,1.21665,-0.0035199999999999676,-0.0028436172103468715,0.009019999999999806,1.2369733333333335,1.2244439999999999,1.2272439474945607,1.2190400000000001,1.2228201715576346,1.2350895449045267,1.2039954550954732,-0.0006067900331150344,62.55643780165026,76.43454038997227,0,0,0,0,0,1,1,1,1,1
1.2299,1.23434,1.22011,1.21481,-0.0044399999999999995,-0.003597064018017737,0.008469999999999978,1.2302566666666666,1.2274619999999998,1.2281292983297072,1.220424,1.22410741309261,1.2353442841341076,1.2038827158658922,6.353781223933375e-05,62.27526348419098,64.06685236768809,0,0,0,0,1,1,1,1,1,1
1.22845,1.2299,1.23786,1.2151,-0.0014499999999999513,-0.0011789576388323564,0.00598999999999994,1.2275733333333334,1.230132,1.2282361988864716,1.2221609999999998,1.224896974348499,1.2348174407391976,1.2041315592608024,0.0004723298527620212,60.76969881350773,60.027855153203525,0,0,0,1,1,1,1,1,1,1
1.22222,1.22845,1.23434,1.22011,-0.006229999999999958,-0.005071431478692601,0.009600000000000053,1.2247533333333334,1.2305540000000001,1.2262307992576478,1.223115,1.224410251739681,1.235071340172238,1.2043526598277619,0.0002902457836244654,54.20480549199092,42.67409470752111,1,1,1,1,1,1,1,1,1,1
1.22258,1.22222,1.2299,1.23786,0.00035999999999991594,0.0002945459900836056,0.00507000000000013,1.221663333333333,1.227498,1.2250138661717653,1.224202,1.2240774786961026,1.2353097718950201,1.2049632281049798,0.00017299762935873986,48.32983701791187,43.676880222841206,1,1,1,1,1,1,1,1,1,1
1.22779,1.22258,1.22845,1.23434,0.005209999999999937,0.00426147982136138,0.008509999999999796,1.2251066666666668,1.226188,1.2259392441145103,1.225316,1.2247524825695384,1.2359909133281162,1.2048980866718837,0.000494777592491058,60.010240655402015,58.18941504178261,1,1,1,1,1,1,1,1,1,1
1.24983,1.22779,1.22222,1.2299,0.02204000000000006,0.017950952524454555,0.024580000000000046,1.2421433333333336,1.2301739999999999,1.2339028294096737,1.228818,1.2293120311932586,1.242320977821431,1.2017300221785694,0.00249942254830704,75.61136814276284,98.26047150377639,0,0,0,1,1,0,1,1,1,1
1.24159,1.24983,1.22258,1.22845,-0.008240000000000025,-0.006592896633942247,0.009600000000000053,1.2439500000000001,1.232802,1.2364652196064492,1.2314669999999999,1.2315443891581208,1.2451080792842677,1.201695920715732,0.0033842079404899916,67.56592538583064,78.38097525822698,0,1,1,1,1,1,1,1,1,1
1.24139,1.24159,1.22779,1.22222,-0.00019999999999997797,-0.000161083771615389,0.007950000000000124,1.2415,1.236636,1.2381068130709663,1.2335949999999998,1.2333345002202805,1.2474299610352384,1.2020840389647613,0.0040228949806278,68.20412168792933,77.90055248618765,1,1,1,1,1,1,1,1,1,1
1.24588,1.24139,1.24983,1.22258,0.004490000000000105,0.0036169132988022046,0.008799999999999919,1.2431400000000001,1.241296,1.2406978753806444,1.234397,1.2356155001802296,1.2503979343258798,1.2020700656741203,0.004835622490927838,68.02763044282725,88.5261875761267,1,1,1,1,1,1,1,1,1,1
1.25044,1.24588,1.24159,1.22779,0.0045599999999998975,0.003660063569524974,0.007140000000000146,1.2489066666666666,1.245826,1.243945250253763,1.236007,1.2383108637838243,1.253975720501762,1.2010712794982379,0.005781028688559786,71.26148705096082,96.98838036518828,1,0,1,1,1,1,1,1,1,1
1.25373,1.25044,1.24139,1.24983,0.003290000000000015,0.002631073862000566,0.006450000000000067,1.2530066666666666,1.246606,1.2472068335025086,1.23839,1.2411143430958562,1.2577213527673108,1.201092647232689,0.006718301023586948,72.2548680723586,94.71996052306925,0,0,1,1,1,1,1,1,1,1
1.24937,1.25373,1.24588,1.24159,-0.0043599999999999195,-0.003477622773643385,0.010039999999999827,1.24971,1.248162,1.2479278890016725,1.240482,1.2426153716238824,1.2595961807139147,1.2030468192860853,0.007028263097769605,66.98397956814499,82.66204321152321,1,1,1,1,1,1,1,1,1,1
1.25331,1.24937,1.25044,1.24139,0.0039399999999998325,0.003153589409061963,0.008690000000000087,1.25304,1.250546,1.249721926001115,1.2435910000000001,1.244559849510449,1.2618259686027424,1.2048800313972574,0.007505318704633224,60.68021567814189,89.78745463970957,1,1,1,1,1,1,1,1,1,1
1.25955,1.25331,1.25373,1.24588,0.006240000000000023,0.0049788160949804094,0.009059999999999846,1.2578166666666666,1.25328,1.25299795066741,1.247288,1.2472853314176402,1.264597810863709,1.2068921891362911,0.008291327300271378,66.79546968687546,95.49170754496616,1,1,1,1,1,1,0,0,0,0
1.26266,1.25955,1.24937,1.25044,0.003109999999999946,0.0024691358024691024,0.005319999999999991,1.2620466666666668,1.255724,1.2562186337782735,1.250775,1.250080725705342,1.2678103839194268,1.208280616080573,0.009060749108247057,72.21920781334786,96.19505794882993,1,1,0,1,1,0,0,0,0,0
1.26959,1.26266,1.25331,1.25373,0.006930000000000103,0.005488413349595378,0.010790000000000077,1.2672333333333332,1.258896,1.2606757558521824,1.252751,1.2536278664861888,1.2716095721431706,1.2099594278568293,0.010113136574800619,75.97222222222229,96.47593785524825,0,0,1,0,0,0,0,0,0,0
1.26933,1.26959,1.25955,1.24937,-0.00025999999999992696,-0.00020479052292465827,0.006809999999999983,1.2696800000000001,1.262888,1.263560503901455,1.255525,1.2564827998523365,1.2743487452672595,1.2126432547327404,0.010801666509282049,82.1657790523011,92.8008792819198,0,1,0,0,0,0,0,0,0,0
1.2623,1.26933,1.26266,1.25331,-0.007030000000000092,-0.005538354880133656,0.010709999999999997,1.2645433333333334,1.264686,1.2631403359343034,1.257616,1.257540472606457,1.2754795235515404,1.21573147644846,0.010657219403712892,74.85607008760954,79.60930232558124,1,1,0,0,0,0,0,0,0,1
1.271,1.2623,1.26959,1.25955,0.00869999999999993,0.006892180939554793,0.010310000000000041,1.2679433333333334,1.266976,1.2657602239562022,1.260128,1.2599876594052828,1.278948947293841,1.2155760527061594,0.011116615894749104,75.90838230003601,95.2169312169309,0,0,0,0,0,0,0,0,1,0
1.26318,1.271,1.26933,1.26266,-0.007819999999999938,-0.0061526357199055415,0.012090000000000156,1.2653100000000002,1.26708,1.264900149304135,1.261402,1.2605680849679586,1.2805393881607994,1.2168696118392008,0.01072603917525039,59.65013734277868,71.91418222346032,0,0,0,0,0,0,0,1,1,1
1.25949,1.26318,1.2623,1.26959,-0.003689999999999971,-0.0029211988790196486,0.007419999999999982,1.2607633333333335,1.2650599999999999,1.2630967662027568,1.2619779999999998,1.2603720695192389,1.2810755756869268,1.2192924243130732,0.010003438734899728,63.85020117610656,61.63276678740577,0,0,0,0,0,1,1,1,1,1
1.25591,1.25949,1.271,1.26933,-0.0035799999999999166,-0.002842420344742691,0.006199999999999983,1.2574500000000002,1.262376,1.2607011774685046,1.262632,1.2595607841521046,1.2807770097986235,1.2223369902013765,0.00903771544134968,60.67647058823542,51.65784341042077,1,0,0,1,1,1,1,1,1,1
1.25924,1.25591,1.26318,1.2623,0.003329999999999833,0.002651463878780902,0.006830000000000114,1.25829,1.2617639999999999,1.2602141183123363,1.2632249999999998,1.2595024597608127,1.2793043013819196,1.22751169861808,0.00844374174479201,59.99401555954514,51.13279888462847,0,0,0,1,1,1,1,1,1,1
1.25465,1.25924,1.25949,1.271,-0.004589999999999872,-0.0036450557479112966,0.009910000000000085,1.25498,1.258494,1.2583594122082244,1.262735,1.2586201943497557,1.2764600443255312,1.2335629556744687,0.007515998914215283,53.147898908329665,34.471830985915396,1,1,1,1,1,1,1,1,1,1
1.25554,1.25465,1.25591,1.26318,0.0008900000000000574,0.0007093611764237284,0.006469999999999976,1.2557366666666665,1.2569659999999998,1.2574196081388165,1.262023,1.2580601590134364,1.2736033836519118,1.2391946163480883,0.006774479614883422,51.403753683884055,37.60563380281701,1,1,1,1,1,1,1,1,1,1
1.25618,1.25554,1.25924,1.25949,0.0006399999999999739,0.0005097408286474092,0.010099999999999998,1.2563466666666667,1.256304,1.2570064054258778,1.260682,1.2577183119200843,1.2736425711703343,1.2397904288296657,0.006167369285037694,55.60493827160497,30.850202429150325,1,1,1,1,1,1,1,1,1,1
1.26182,1.25618,1.25465,1.25591,0.005639999999999867,0.00448980241685093,0.013430000000000053,1.2584099999999998,1.257486,1.2586109369505853,1.2599310000000001,1.2584640733891599,1.2732036754465315,1.2422523245534685,0.006071344162964509,56.81345076060856,50.837988826815405,1,1,1,1,1,1,1,1,1,1
1.27645,1.26182,1.25554,1.25924,0.014630000000000143,0.011594363696882493,0.018219999999999903,1.27233,1.260928,1.2645572913003904,1.261346,1.2617342418638582,1.2751064271857413,1.2438555728142588,0.007093987225009979,61.92828910220232,90.0306226607694,0,0,0,0,0,0,0,1,0,0
1.26778,1.27645,1.25618,1.25465,-0.008670000000000178,-0.00679227545144756,0.012349999999999861,1.2711633333333332,1.263554,1.2656315275335936,1.2610240000000001,1.262833470615884,1.2752272947514818,1.245924705248518,0.007122736208378999,53.350785340314154,60.530792786661976,0,1,0,1,1,1,1,1,1,0
1.26463,1.26778,1.26182,1.25554,-0.003149999999999986,-0.002484658221457936,0.007530000000000037,1.2659333333333334,1.265372,1.2652976850223958,1.261169,1.2631601123220866,1.2752272260503577,1.2473437739496425,0.006812807506364482,46.584962820159674,49.81286151752287,1,0,1,1,1,1,1,1,0,0
1.27317,1.26463,1.27645,1.25618,0.008539999999999992,0.006752963317333993,0.01317999999999997,1.2707633333333332,1.26877,1.2679217900149307,1.262537,1.264980091899889,1.2766835420585048,1.2478314579414953,0.007173600603004537,52.3733003708281,78.87036406941121,0,0,0,0,1,0,0,0,0,0
1.26384,1.27317,1.26778,1.26182,-0.009329999999999838,-0.007328165131129216,0.010869999999999935,1.2665300000000002,1.269174,1.2665611933432872,1.26333,1.2647728024635456,1.2760755820857355,1.2498864179142644,0.006630249318571257,50.92548076923083,47.12487240558056,1,1,1,1,1,1,0,0,0,0
1.26897,1.26384,1.26463,1.27645,0.005129999999999857,0.004059058108621283,0.008339999999999792,1.26657,1.267678,1.2673641288955249,1.264303,1.2655359292883555,1.2762838913733334,1.2512441086266668,0.006538219117735444,48.7253547657918,64.5797890438924,1,1,1,1,1,0,0,0,0,0
1.26964,1.26897,1.27317,1.26778,0.0006700000000001705,0.0005279872652625972,0.007470000000000088,1.27031,1.2680500000000001,1.2681227525970167,1.265802,1.2662821239631998,1.2768862039783107,1.2516507960216894,0.006445053357903907,54.45640176600453,66.85947601224957,1,1,1,1,0,0,0,0,0,0
1.27236,1.26964,1.26384,1.26463,0.0027199999999998337,0.0021423395608202167,0.005720000000000169,1.2708733333333333,1.2695960000000002,1.2695351683980112,1.267484,1.2673871923335271,1.2778475826732036,1.251659417326796,0.006515592396692416,58.99874143476439,76.11432460020409,1,1,1,0,0,0,0,0,0,0
1.27983,1.27236,1.26897,1.27317,0.007470000000000088,0.005870979911345886,0.010380000000000056,1.2766233333333334,1.270928,1.2729667789320076,1.269849,1.2696495210001586,1.279869590955333,1.2506614090446668,0.007092503696065622,65.86206896551727,98.74255459960276,0,0,0,0,0,0,0,0,0,0
1.27302,1.27983,1.26964,1.26384,-0.006809999999999983,-0.005321019197862209,0.011510000000000131,1.27565,1.272764,1.2729845192880052,1.270969,1.270262335363766,1.2803603199866846,1.2505396800133153,0.006920425612143788,58.73478701825567,70.36358081271005,1,0,0,0,0,0,0,0,0,0
1.27304,1.27302,1.27236,1.26897,1.999999999990898e-05,1.5710672259583447e-05,0.007220000000000004,1.2734266666666667,1.273578,1.2730030128586702,1.2706279999999999,1.2707673652976268,1.2811903723405822,1.2507836276594178,0.006708336792978331,62.37383932176015,70.42468683165265,0,0,0,0,0,0,0,0,0,0
